OrderID,Date,Customer,Region,Category,MenuItem,Quantity,Price,Sales
1001,00:00.0,Customer_58,North,Asian,Salad,4,657,2628
1002,17:09.9,Customer_13,South,Fast Food,Salad,5,675,3375
1003,34:19.7,Customer_141,West,Main Course,Tacos,3,229,687
1004,51:29.6,Customer_126,North,Fast Food,Tacos,5,921,4605
1005,08:39.4,Customer_115,North,Asian,Sushi,5,462,2310
1006,25:49.3,Customer_72,West,Healthy,Curry,2,804,1608
1007,42:59.1,Customer_53,West,Asian,Salad,3,918,2754
1008,00:09.0,Customer_280,East,Healthy,Sandwich,3,792,2376
1009,17:18.9,Customer_45,North,Asian,Curry,3,391,1173
1010,34:28.7,Customer_217,West,Main Course,Salad,5,470,2350
1011,51:38.6,Customer_17,South,Healthy,Noodles,4,893,3572
1012,08:48.4,Customer_16,North,Healthy,Steak,3,128,384
1013,25:58.3,Customer_48,East,Fast Food,Tacos,5,248,1240
1014,43:08.2,Customer_112,West,Asian,Steak,2,878,1756
1015,00:18.0,Customer_120,North,Continental,Burger,4,395,1580
1016,17:27.9,Customer_259,North,Continental,Pizza,2,110,220
1017,34:37.7,Customer_14,West,Fast Food,Noodles,4,611,2444
1018,51:47.6,Customer_288,West,Asian,Sushi,5,775,3875
1019,08:57.4,Customer_102,West,Main Course,Noodles,1,212,212
1020,26:07.3,Customer_280,North,Fast Food,Steak,4,286,1144
1021,43:17.2,Customer_215,West,Healthy,Steak,2,906,1812
1022,00:27.0,Customer_113,West,Main Course,Salad,5,843,4215
1023,17:36.9,Customer_230,North,Asian,Salad,4,326,1304
1024,34:46.7,Customer_143,North,Healthy,Burger,1,409,409
1025,51:56.6,Customer_4,East,Continental,Curry,1,197,197
1026,09:06.5,Customer_82,South,Asian,Burger,3,154,462
1027,26:16.3,Customer_217,North,Healthy,Sushi,3,722,2166
1028,43:26.2,Customer_175,South,Asian,Salad,2,763,1526
1029,00:36.0,Customer_143,East,Healthy,Sushi,4,857,3428
1030,17:45.9,Customer_80,East,Asian,Salad,4,505,2020
1031,34:55.7,Customer_111,West,Continental,Salad,3,168,504
1032,52:05.6,Customer_173,East,Fast Food,Salad,4,411,1644
1033,09:15.5,Customer_53,West,Healthy,Sandwich,4,388,1552
1034,26:25.3,Customer_48,West,Healthy,Pasta,1,861,861
1035,43:35.2,Customer_195,North,Continental,Noodles,3,647,1941
1036,00:45.0,Customer_50,North,Fast Food,Sandwich,5,850,4250
1037,17:54.9,Customer_184,South,Asian,Pizza,3,247,741
1038,35:04.8,Customer_177,West,Healthy,Steak,5,566,2830
1039,52:14.6,Customer_136,West,Fast Food,Tacos,1,838,838
1040,09:24.5,Customer_23,South,Asian,Sushi,2,343,686
1041,26:34.3,Customer_236,West,Healthy,Pasta,4,590,2360
1042,43:44.2,Customer_275,East,Healthy,Pizza,1,948,948
1043,00:54.0,Customer_64,West,Asian,Curry,4,606,2424
1044,18:03.9,Customer_194,West,Continental,Salad,2,464,928
1045,35:13.8,Customer_41,West,Fast Food,Salad,2,581,1162
1046,52:23.6,Customer_283,North,Healthy,Tacos,1,300,300
1047,09:33.5,Customer_151,East,Asian,Tacos,2,253,506
1048,26:43.3,Customer_186,West,Healthy,Tacos,5,549,2745
1049,43:53.2,Customer_296,East,Asian,Pizza,2,600,1200
1050,01:03.1,Customer_99,East,Healthy,Steak,4,172,688
1051,18:12.9,Customer_36,East,Main Course,Steak,4,812,3248
1052,35:22.8,Customer_24,South,Continental,Sandwich,4,395,1580
1053,52:32.6,Customer_117,West,Fast Food,Sushi,4,116,464
1054,09:42.5,Customer_149,North,Continental,Sandwich,5,740,3700
1055,26:52.3,Customer_41,North,Continental,Noodles,3,316,948
1056,44:02.2,Customer_120,North,Fast Food,Curry,1,160,160
1057,01:12.1,Customer_52,North,Continental,Sushi,4,715,2860
1058,18:21.9,Customer_195,West,Main Course,Noodles,2,141,282
1059,35:31.8,Customer_143,North,Asian,Salad,4,124,496
1060,52:41.6,Customer_233,East,Fast Food,Pasta,2,138,276
1061,09:51.5,Customer_187,South,Asian,Noodles,2,902,1804
1062,27:01.4,Customer_84,North,Healthy,Pasta,4,230,920
1063,44:11.2,Customer_190,East,Main Course,Salad,5,597,2985
1064,01:21.1,Customer_182,North,Asian,Burger,2,328,656
1065,18:30.9,Customer_108,West,Asian,Curry,2,207,414
1066,35:40.8,Customer_137,East,Fast Food,Pasta,4,271,1084
1067,52:50.6,Customer_37,West,Healthy,Salad,2,534,1068
1068,10:00.5,Customer_88,North,Fast Food,Noodles,2,577,1154
1069,27:10.4,Customer_274,East,Healthy,Pasta,4,201,804
1070,44:20.2,Customer_126,East,Fast Food,Sushi,4,965,3860
1071,01:30.1,Customer_84,East,Asian,Burger,1,623,623
1072,18:39.9,Customer_237,North,Asian,Sandwich,5,374,1870
1073,35:49.8,Customer_195,South,Main Course,Sushi,5,712,3560
1074,52:59.6,Customer_139,South,Asian,Sandwich,2,143,286
1075,10:09.5,Customer_286,West,Continental,Salad,5,916,4580
1076,27:19.4,Customer_113,South,Asian,Tacos,2,116,232
1077,44:29.2,Customer_167,North,Continental,Sushi,1,429,429
1078,01:39.1,Customer_29,East,Asian,Sushi,4,668,2672
1079,18:48.9,Customer_118,East,Continental,Salad,4,922,3688
1080,35:58.8,Customer_17,North,Continental,Steak,4,596,2384
1081,53:08.7,Customer_162,East,Asian,Salad,5,914,4570
1082,10:18.5,Customer_206,South,Continental,Curry,1,111,111
1083,27:28.4,Customer_138,West,Main Course,Burger,5,417,2085
1084,44:38.2,Customer_34,North,Healthy,Curry,5,691,3455
1085,01:48.1,Customer_109,East,Continental,Pizza,1,315,315
1086,18:57.9,Customer_291,North,Continental,Steak,1,438,438
1087,36:07.8,Customer_162,South,Main Course,Steak,1,875,875
1088,53:17.7,Customer_109,East,Main Course,Steak,1,760,760
1089,10:27.5,Customer_256,East,Fast Food,Burger,4,180,720
1090,27:37.4,Customer_203,East,Healthy,Curry,3,826,2478
1091,44:47.2,Customer_235,East,Fast Food,Sandwich,3,584,1752
1092,01:57.1,Customer_74,North,Continental,Noodles,1,473,473
1093,19:07.0,Customer_136,South,Main Course,Burger,3,809,2427
1094,36:16.8,Customer_72,South,Continental,Tacos,3,299,897
1095,53:26.7,Customer_127,West,Asian,Noodles,1,636,636
1096,10:36.5,Customer_288,North,Healthy,Salad,3,565,1695
1097,27:46.4,Customer_276,South,Asian,Tacos,5,188,940
1098,44:56.2,Customer_135,North,Main Course,Pizza,2,367,734
1099,02:06.1,Customer_300,North,Main Course,Pasta,2,754,1508
1100,19:16.0,Customer_220,South,Main Course,Pasta,1,670,670
1101,36:25.8,Customer_299,West,Healthy,Sandwich,4,588,2352
1102,53:35.7,Customer_205,West,Fast Food,Sushi,1,976,976
1103,10:45.5,Customer_186,West,Continental,Tacos,4,637,2548
1104,27:55.4,Customer_113,East,Continental,Steak,2,146,292
1105,45:05.3,Customer_71,South,Continental,Curry,1,387,387
1106,02:15.1,Customer_261,East,Continental,Pasta,5,877,4385
1107,19:25.0,Customer_253,East,Continental,Sushi,3,115,345
1108,36:34.8,Customer_47,East,Fast Food,Pasta,4,810,3240
1109,53:44.7,Customer_25,North,Asian,Burger,3,500,1500
1110,10:54.5,Customer_57,North,Healthy,Curry,3,893,2679
1111,28:04.4,Customer_79,South,Asian,Sushi,1,185,185
1112,45:14.3,Customer_82,South,Asian,Pasta,3,349,1047
1113,02:24.1,Customer_217,North,Continental,Sushi,5,490,2450
1114,19:34.0,Customer_33,North,Continental,Pizza,3,881,2643
1115,36:43.8,Customer_198,East,Fast Food,Pizza,1,434,434
1116,53:53.7,Customer_196,West,Healthy,Curry,5,728,3640
1117,11:03.6,Customer_240,West,Main Course,Salad,2,618,1236
1118,28:13.4,Customer_271,West,Asian,Sandwich,3,236,708
1119,45:23.3,Customer_129,West,Main Course,Pasta,1,982,982
1120,02:33.1,Customer_284,West,Healthy,Steak,2,787,1574
1121,19:43.0,Customer_6,East,Asian,Pasta,2,939,1878
1122,36:52.8,Customer_59,South,Main Course,Curry,4,597,2388
1123,54:02.7,Customer_275,North,Main Course,Burger,5,926,4630
1124,11:12.6,Customer_137,East,Fast Food,Pasta,3,826,2478
1125,28:22.4,Customer_175,West,Healthy,Steak,1,576,576
1126,45:32.3,Customer_58,North,Healthy,Tacos,4,693,2772
1127,02:42.1,Customer_151,East,Healthy,Tacos,5,322,1610
1128,19:52.0,Customer_223,West,Asian,Tacos,4,471,1884
1129,37:01.9,Customer_81,East,Fast Food,Tacos,5,501,2505
1130,54:11.7,Customer_233,North,Continental,Curry,5,542,2710
1131,11:21.6,Customer_2,South,Asian,Tacos,3,589,1767
1132,28:31.4,Customer_135,West,Healthy,Pizza,5,714,3570
1133,45:41.3,Customer_257,North,Asian,Pizza,4,372,1488
1134,02:51.1,Customer_92,North,Main Course,Noodles,5,625,3125
1135,20:01.0,Customer_260,South,Asian,Sandwich,3,258,774
1136,37:10.9,Customer_55,East,Asian,Sushi,3,251,753
1137,54:20.7,Customer_153,South,Healthy,Pizza,4,719,2876
1138,11:30.6,Customer_260,South,Main Course,Sushi,2,287,574
1139,28:40.4,Customer_102,East,Healthy,Noodles,2,912,1824
1140,45:50.3,Customer_79,East,Main Course,Sandwich,5,197,985
1141,03:00.1,Customer_192,East,Main Course,Pizza,1,230,230
1142,20:10.0,Customer_83,North,Main Course,Pizza,5,904,4520
1143,37:19.9,Customer_277,North,Healthy,Sandwich,4,270,1080
1144,54:29.7,Customer_272,West,Main Course,Sandwich,4,282,1128
1145,11:39.6,Customer_1,West,Fast Food,Sushi,4,463,1852
1146,28:49.4,Customer_166,South,Fast Food,Salad,4,138,552
1147,45:59.3,Customer_251,South,Continental,Pasta,4,626,2504
1148,03:09.2,Customer_10,West,Fast Food,Burger,3,987,2961
1149,20:19.0,Customer_58,South,Continental,Tacos,2,596,1192
1150,37:28.9,Customer_186,East,Fast Food,Noodles,4,615,2460
1151,54:38.7,Customer_158,North,Healthy,Steak,1,448,448
1152,11:48.6,Customer_123,West,Continental,Salad,1,496,496
1153,28:58.4,Customer_30,North,Asian,Pasta,1,821,821
1154,46:08.3,Customer_124,West,Asian,Burger,1,260,260
1155,03:18.2,Customer_291,North,Fast Food,Pizza,3,115,345
1156,20:28.0,Customer_41,West,Asian,Salad,1,592,592
1157,37:37.9,Customer_44,North,Fast Food,Salad,4,525,2100
1158,54:47.7,Customer_249,East,Fast Food,Curry,5,207,1035
1159,11:57.6,Customer_36,West,Asian,Noodles,1,993,993
1160,29:07.5,Customer_273,West,Asian,Steak,3,549,1647
1161,46:17.3,Customer_65,West,Main Course,Noodles,3,410,1230
1162,03:27.2,Customer_66,East,Continental,Sushi,1,838,838
1163,20:37.0,Customer_244,North,Fast Food,Tacos,5,269,1345
1164,37:46.9,Customer_282,West,Asian,Pasta,1,645,645
1165,54:56.7,Customer_85,North,Continental,Sushi,3,513,1539
1166,12:06.6,Customer_136,East,Asian,Curry,2,350,700
1167,29:16.5,Customer_271,South,Asian,Sushi,4,858,3432
1168,46:26.3,Customer_217,West,Main Course,Sandwich,3,880,2640
1169,03:36.2,Customer_109,East,Fast Food,Pasta,1,240,240
1170,20:46.0,Customer_277,North,Fast Food,Tacos,4,373,1492
1171,37:55.9,Customer_103,West,Healthy,Pizza,1,515,515
1172,55:05.8,Customer_160,North,Main Course,Sandwich,1,707,707
1173,12:15.6,Customer_205,South,Continental,Sandwich,2,838,1676
1174,29:25.5,Customer_192,West,Main Course,Pasta,4,990,3960
1175,46:35.3,Customer_225,West,Continental,Sandwich,4,138,552
1176,03:45.2,Customer_265,North,Fast Food,Pizza,2,913,1826
1177,20:55.0,Customer_232,West,Healthy,Steak,3,128,384
1178,38:04.9,Customer_62,East,Healthy,Noodles,1,576,576
1179,55:14.8,Customer_127,East,Fast Food,Pasta,5,417,2085
1180,12:24.6,Customer_116,South,Asian,Burger,1,344,344
1181,29:34.5,Customer_33,East,Main Course,Sushi,1,847,847
1182,46:44.3,Customer_174,South,Healthy,Pizza,3,796,2388
1183,03:54.2,Customer_11,North,Asian,Tacos,1,371,371
1184,21:04.1,Customer_284,North,Continental,Salad,2,539,1078
1185,38:13.9,Customer_118,South,Healthy,Noodles,2,847,1694
1186,55:23.8,Customer_113,East,Continental,Steak,4,338,1352
1187,12:33.6,Customer_4,East,Asian,Pizza,5,476,2380
1188,29:43.5,Customer_37,South,Continental,Steak,1,365,365
1189,46:53.3,Customer_31,South,Asian,Pizza,1,458,458
1190,04:03.2,Customer_118,North,Continental,Burger,3,439,1317
1191,21:13.1,Customer_35,South,Main Course,Pizza,2,488,976
1192,38:22.9,Customer_17,East,Healthy,Pizza,5,676,3380
1193,55:32.8,Customer_170,South,Healthy,Burger,4,788,3152
1194,12:42.6,Customer_37,South,Asian,Tacos,2,102,204
1195,29:52.5,Customer_264,South,Continental,Curry,4,528,2112
1196,47:02.4,Customer_122,North,Fast Food,Tacos,3,241,723
1197,04:12.2,Customer_143,South,Healthy,Burger,3,475,1425
1198,21:22.1,Customer_249,West,Continental,Noodles,1,769,769
1199,38:31.9,Customer_110,West,Continental,Salad,5,423,2115
1200,55:41.8,Customer_277,West,Main Course,Curry,4,245,980
1201,12:51.6,Customer_68,East,Fast Food,Pasta,2,392,784
1202,30:01.5,Customer_293,East,Healthy,Sandwich,3,764,2292
1203,47:11.4,Customer_296,South,Main Course,Pizza,1,531,531
1204,04:21.2,Customer_243,West,Fast Food,Salad,1,804,804
1205,21:31.1,Customer_125,North,Healthy,Tacos,4,684,2736
1206,38:40.9,Customer_243,West,Main Course,Burger,3,498,1494
1207,55:50.8,Customer_209,West,Fast Food,Noodles,5,916,4580
1208,13:00.7,Customer_98,East,Healthy,Salad,3,988,2964
1209,30:10.5,Customer_49,East,Fast Food,Steak,4,443,1772
1210,47:20.4,Customer_50,North,Continental,Steak,4,239,956
1211,04:30.2,Customer_221,East,Asian,Pasta,3,286,858
1212,21:40.1,Customer_182,North,Asian,Tacos,4,904,3616
1213,38:49.9,Customer_217,East,Continental,Burger,3,160,480
1214,55:59.8,Customer_211,West,Fast Food,Noodles,2,479,958
1215,13:09.7,Customer_240,West,Continental,Steak,3,809,2427
1216,30:19.5,Customer_28,North,Asian,Burger,3,906,2718
1217,47:29.4,Customer_51,North,Asian,Salad,4,539,2156
1218,04:39.2,Customer_32,East,Fast Food,Burger,4,418,1672
1219,21:49.1,Customer_207,East,Asian,Burger,1,401,401
1220,38:58.9,Customer_174,North,Continental,Curry,1,443,443
1221,56:08.8,Customer_56,North,Fast Food,Sandwich,2,110,220
1222,13:18.7,Customer_128,West,Continental,Steak,1,161,161
1223,30:28.5,Customer_99,West,Fast Food,Sandwich,3,944,2832
1224,47:38.4,Customer_98,North,Asian,Salad,4,325,1300
1225,04:48.2,Customer_275,West,Healthy,Noodles,1,252,252
1226,21:58.1,Customer_230,South,Fast Food,Sandwich,1,810,810
1227,39:08.0,Customer_72,East,Fast Food,Sushi,2,663,1326
1228,56:17.8,Customer_217,West,Healthy,Tacos,2,871,1742
1229,13:27.7,Customer_94,South,Asian,Salad,3,670,2010
1230,30:37.5,Customer_143,North,Continental,Pasta,4,683,2732
1231,47:47.4,Customer_237,West,Main Course,Pizza,2,759,1518
1232,04:57.2,Customer_128,North,Healthy,Noodles,1,960,960
1233,22:07.1,Customer_39,East,Main Course,Curry,4,674,2696
1234,39:17.0,Customer_227,North,Asian,Sandwich,4,409,1636
1235,56:26.8,Customer_282,South,Fast Food,Curry,1,984,984
1236,13:36.7,Customer_51,North,Fast Food,Sushi,2,342,684
1237,30:46.5,Customer_26,South,Asian,Sandwich,1,592,592
1238,47:56.4,Customer_277,West,Continental,Pizza,4,465,1860
1239,05:06.3,Customer_8,West,Continental,Pizza,5,429,2145
1240,22:16.1,Customer_48,South,Asian,Burger,5,206,1030
1241,39:26.0,Customer_122,East,Asian,Burger,3,325,975
1242,56:35.8,Customer_86,East,Asian,Steak,1,924,924
1243,13:45.7,Customer_209,East,Asian,Curry,1,317,317
1244,30:55.5,Customer_249,West,Asian,Pasta,3,852,2556
1245,48:05.4,Customer_247,West,Asian,Burger,3,605,1815
1246,05:15.3,Customer_110,East,Fast Food,Noodles,3,358,1074
1247,22:25.1,Customer_206,North,Main Course,Burger,4,987,3948
1248,39:35.0,Customer_31,East,Continental,Burger,1,873,873
1249,56:44.8,Customer_85,North,Main Course,Salad,4,616,2464
1250,13:54.7,Customer_195,East,Fast Food,Sandwich,3,872,2616
1251,31:04.6,Customer_2,North,Healthy,Curry,1,153,153
1252,48:14.4,Customer_200,West,Main Course,Salad,4,146,584
1253,05:24.3,Customer_136,East,Healthy,Salad,4,826,3304
1254,22:34.1,Customer_233,East,Fast Food,Curry,3,788,2364
1255,39:44.0,Customer_147,South,Continental,Pizza,1,620,620
1256,56:53.8,Customer_217,East,Healthy,Burger,3,198,594
1257,14:03.7,Customer_285,North,Fast Food,Pasta,1,119,119
1258,31:13.6,Customer_250,South,Asian,Pizza,5,989,4945
1259,48:23.4,Customer_80,East,Continental,Salad,2,852,1704
1260,05:33.3,Customer_98,East,Asian,Sushi,2,672,1344
1261,22:43.1,Customer_152,West,Continental,Sushi,2,990,1980
1262,39:53.0,Customer_112,South,Continental,Tacos,3,589,1767
1263,57:02.9,Customer_30,North,Main Course,Burger,5,518,2590
1264,14:12.7,Customer_297,East,Continental,Burger,1,789,789
1265,31:22.6,Customer_278,West,Main Course,Pizza,4,949,3796
1266,48:32.4,Customer_32,East,Healthy,Pizza,1,161,161
1267,05:42.3,Customer_161,South,Continental,Pasta,4,244,976
1268,22:52.1,Customer_30,North,Healthy,Pasta,1,315,315
1269,40:02.0,Customer_26,West,Continental,Sushi,5,102,510
1270,57:11.9,Customer_300,East,Main Course,Sushi,4,259,1036
1271,14:21.7,Customer_245,North,Asian,Curry,3,838,2514
1272,31:31.6,Customer_258,East,Continental,Steak,1,880,880
1273,48:41.4,Customer_272,East,Fast Food,Salad,1,219,219
1274,05:51.3,Customer_81,South,Asian,Burger,4,992,3968
1275,23:01.2,Customer_30,South,Main Course,Sushi,3,188,564
1276,40:11.0,Customer_261,East,Fast Food,Sushi,3,428,1284
1277,57:20.9,Customer_42,West,Healthy,Pasta,5,679,3395
1278,14:30.7,Customer_96,South,Main Course,Burger,3,456,1368
1279,31:40.6,Customer_36,South,Asian,Tacos,3,709,2127
1280,48:50.4,Customer_35,South,Healthy,Tacos,3,366,1098
1281,06:00.3,Customer_121,South,Healthy,Curry,2,716,1432
1282,23:10.2,Customer_207,North,Main Course,Salad,5,422,2110
1283,40:20.0,Customer_62,East,Asian,Tacos,1,734,734
1284,57:29.9,Customer_292,North,Main Course,Curry,4,640,2560
1285,14:39.7,Customer_127,North,Fast Food,Tacos,1,748,748
1286,31:49.6,Customer_297,East,Fast Food,Pasta,5,294,1470
1287,48:59.4,Customer_21,South,Continental,Burger,4,837,3348
1288,06:09.3,Customer_42,West,Healthy,Pasta,5,431,2155
1289,23:19.2,Customer_215,South,Continental,Pizza,3,269,807
1290,40:29.0,Customer_299,South,Asian,Pasta,4,620,2480
1291,57:38.9,Customer_290,South,Fast Food,Burger,3,562,1686
1292,14:48.7,Customer_268,South,Continental,Tacos,1,139,139
1293,31:58.6,Customer_162,West,Fast Food,Steak,1,636,636
1294,49:08.5,Customer_134,North,Fast Food,Curry,4,360,1440
1295,06:18.3,Customer_105,West,Fast Food,Steak,4,494,1976
1296,23:28.2,Customer_161,East,Main Course,Curry,5,325,1625
1297,40:38.0,Customer_123,South,Continental,Pasta,5,223,1115
1298,57:47.9,Customer_136,West,Healthy,Steak,3,137,411
1299,14:57.7,Customer_203,East,Continental,Tacos,4,427,1708
1300,32:07.6,Customer_68,West,Healthy,Sushi,1,350,350
1301,49:17.5,Customer_154,South,Continental,Steak,5,275,1375
1302,06:27.3,Customer_235,South,Continental,Pizza,5,701,3505
1303,23:37.2,Customer_162,East,Fast Food,Pasta,1,553,553
1304,40:47.0,Customer_38,West,Healthy,Curry,5,136,680
1305,57:56.9,Customer_5,South,Healthy,Curry,3,415,1245
1306,15:06.8,Customer_235,East,Healthy,Burger,4,787,3148
1307,32:16.6,Customer_289,West,Continental,Tacos,1,895,895
1308,49:26.5,Customer_52,West,Healthy,Curry,4,692,2768
1309,06:36.3,Customer_38,East,Continental,Pizza,5,213,1065
1310,23:46.2,Customer_276,West,Main Course,Burger,5,139,695
1311,40:56.0,Customer_110,West,Fast Food,Salad,1,400,400
1312,58:05.9,Customer_260,South,Asian,Sushi,3,323,969
1313,15:15.8,Customer_136,South,Main Course,Pizza,2,417,834
1314,32:25.6,Customer_68,South,Healthy,Noodles,1,448,448
1315,49:35.5,Customer_179,East,Fast Food,Steak,2,214,428
1316,06:45.3,Customer_36,North,Fast Food,Steak,2,797,1594
1317,23:55.2,Customer_126,West,Fast Food,Sandwich,3,422,1266
1318,41:05.1,Customer_190,East,Fast Food,Sushi,2,667,1334
1319,58:14.9,Customer_146,North,Healthy,Noodles,2,139,278
1320,15:24.8,Customer_81,North,Fast Food,Noodles,3,965,2895
1321,32:34.6,Customer_225,East,Asian,Steak,2,139,278
1322,49:44.5,Customer_279,North,Asian,Burger,2,958,1916
1323,06:54.3,Customer_155,South,Fast Food,Tacos,2,848,1696
1324,24:04.2,Customer_271,East,Continental,Sandwich,1,388,388
1325,41:14.1,Customer_5,West,Healthy,Curry,1,361,361
1326,58:23.9,Customer_284,South,Asian,Sushi,1,315,315
1327,15:33.8,Customer_154,West,Asian,Tacos,3,246,738
1328,32:43.6,Customer_54,North,Asian,Pasta,5,435,2175
1329,49:53.5,Customer_69,South,Main Course,Noodles,2,267,534
1330,07:03.4,Customer_136,West,Main Course,Steak,2,191,382
1331,24:13.2,Customer_60,East,Asian,Pizza,3,452,1356
1332,41:23.1,Customer_55,North,Continental,Pizza,2,670,1340
1333,58:32.9,Customer_284,West,Healthy,Pasta,1,670,670
1334,15:42.8,Customer_80,North,Healthy,Noodles,5,915,4575
1335,32:52.6,Customer_140,West,Asian,Curry,4,780,3120
1336,50:02.5,Customer_145,East,Asian,Curry,2,880,1760
1337,07:12.4,Customer_108,South,Healthy,Pasta,1,462,462
1338,24:22.2,Customer_176,West,Continental,Burger,4,656,2624
1339,41:32.1,Customer_105,North,Main Course,Curry,5,444,2220
1340,58:41.9,Customer_136,East,Main Course,Sushi,4,792,3168
1341,15:51.8,Customer_259,South,Asian,Sandwich,1,269,269
1342,33:01.7,Customer_251,North,Healthy,Sushi,4,455,1820
1343,50:11.5,Customer_129,East,Main Course,Salad,3,290,870
1344,07:21.4,Customer_27,North,Continental,Pizza,4,766,3064
1345,24:31.2,Customer_48,East,Asian,Noodles,2,521,1042
1346,41:41.1,Customer_217,South,Fast Food,Sandwich,2,799,1598
1347,58:50.9,Customer_142,South,Asian,Noodles,3,106,318
1348,16:00.8,Customer_23,North,Fast Food,Tacos,1,232,232
1349,33:10.7,Customer_2,East,Asian,Tacos,2,846,1692
1350,50:20.5,Customer_171,West,Healthy,Sandwich,5,656,3280
1351,07:30.4,Customer_67,South,Healthy,Burger,2,925,1850
1352,24:40.2,Customer_135,West,Healthy,Curry,2,860,1720
1353,41:50.1,Customer_83,West,Healthy,Curry,1,130,130
1354,58:59.9,Customer_227,North,Continental,Steak,4,634,2536
1355,16:09.8,Customer_283,North,Continental,Curry,2,525,1050
1356,33:19.7,Customer_219,North,Fast Food,Burger,3,493,1479
1357,50:29.5,Customer_288,East,Continental,Curry,4,771,3084
1358,07:39.4,Customer_5,South,Asian,Curry,5,462,2310
1359,24:49.2,Customer_58,South,Healthy,Sushi,1,536,536
1360,41:59.1,Customer_39,West,Main Course,Burger,5,769,3845
1361,59:09.0,Customer_77,North,Main Course,Curry,4,650,2600
1362,16:18.8,Customer_280,East,Main Course,Pizza,4,181,724
1363,33:28.7,Customer_19,South,Asian,Burger,4,455,1820
1364,50:38.5,Customer_190,East,Main Course,Tacos,5,357,1785
1365,07:48.4,Customer_299,North,Main Course,Tacos,4,817,3268
1366,24:58.2,Customer_283,North,Fast Food,Pizza,5,688,3440
1367,42:08.1,Customer_76,South,Asian,Noodles,4,623,2492
1368,59:18.0,Customer_221,West,Asian,Noodles,3,394,1182
1369,16:27.8,Customer_66,West,Main Course,Pizza,4,323,1292
1370,33:37.7,Customer_22,North,Asian,Burger,5,624,3120
1371,50:47.5,Customer_158,North,Fast Food,Steak,2,145,290
1372,07:57.4,Customer_187,West,Fast Food,Steak,4,766,3064
1373,25:07.3,Customer_21,North,Healthy,Salad,2,212,424
1374,42:17.1,Customer_184,South,Fast Food,Noodles,3,332,996
1375,59:27.0,Customer_108,South,Healthy,Noodles,1,116,116
1376,16:36.8,Customer_128,East,Main Course,Sandwich,3,459,1377
1377,33:46.7,Customer_53,West,Healthy,Curry,4,322,1288
1378,50:56.5,Customer_182,North,Healthy,Sushi,2,965,1930
1379,08:06.4,Customer_287,East,Main Course,Sushi,2,799,1598
1380,25:16.3,Customer_209,South,Healthy,Pizza,5,547,2735
1381,42:26.1,Customer_80,West,Fast Food,Sandwich,2,955,1910
1382,59:36.0,Customer_122,South,Main Course,Curry,5,464,2320
1383,16:45.8,Customer_84,North,Asian,Sushi,1,774,774
1384,33:55.7,Customer_91,East,Healthy,Noodles,4,425,1700
1385,51:05.6,Customer_212,North,Fast Food,Steak,5,566,2830
1386,08:15.4,Customer_13,North,Asian,Steak,1,513,513
1387,25:25.3,Customer_92,West,Main Course,Curry,2,554,1108
1388,42:35.1,Customer_171,West,Main Course,Sushi,2,685,1370
1389,59:45.0,Customer_211,North,Main Course,Curry,1,332,332
1390,16:54.8,Customer_128,West,Fast Food,Burger,2,323,646
1391,34:04.7,Customer_137,East,Asian,Burger,1,930,930
1392,51:14.6,Customer_82,East,Main Course,Sandwich,5,511,2555
1393,08:24.4,Customer_56,North,Fast Food,Pizza,5,671,3355
1394,25:34.3,Customer_196,East,Continental,Sushi,1,434,434
1395,42:44.1,Customer_20,North,Fast Food,Sushi,5,321,1605
1396,59:54.0,Customer_241,East,Continental,Salad,5,136,680
1397,17:03.9,Customer_114,South,Asian,Noodles,5,377,1885
1398,34:13.7,Customer_103,North,Main Course,Noodles,3,295,885
1399,51:23.6,Customer_236,East,Main Course,Sushi,4,963,3852
1400,08:33.4,Customer_180,South,Healthy,Burger,2,583,1166
1401,25:43.3,Customer_157,North,Main Course,Pizza,3,341,1023
1402,42:53.1,Customer_117,East,Asian,Pasta,5,423,2115
1403,00:03.0,Customer_115,East,Fast Food,Curry,1,830,830
1404,17:12.9,Customer_13,South,Asian,Pasta,5,291,1455
1405,34:22.7,Customer_99,West,Main Course,Tacos,4,116,464
1406,51:32.6,Customer_205,West,Fast Food,Burger,5,623,3115
1407,08:42.4,Customer_169,South,Asian,Salad,1,500,500
1408,25:52.3,Customer_143,South,Main Course,Steak,4,985,3940
1409,43:02.2,Customer_36,North,Main Course,Sandwich,5,804,4020
1410,00:12.0,Customer_143,West,Main Course,Sandwich,4,121,484
1411,17:21.9,Customer_180,North,Healthy,Burger,2,573,1146
1412,34:31.7,Customer_261,East,Healthy,Tacos,2,219,438
1413,51:41.6,Customer_205,South,Healthy,Sandwich,5,309,1545
1414,08:51.4,Customer_275,North,Fast Food,Curry,4,405,1620
1415,26:01.3,Customer_170,South,Asian,Sandwich,1,369,369
1416,43:11.2,Customer_15,North,Fast Food,Sushi,5,803,4015
1417,00:21.0,Customer_60,East,Fast Food,Burger,2,786,1572
1418,17:30.9,Customer_134,East,Main Course,Tacos,2,384,768
1419,34:40.7,Customer_92,West,Continental,Pizza,5,815,4075
1420,51:50.6,Customer_298,West,Continental,Steak,4,775,3100
1421,09:00.4,Customer_136,East,Main Course,Burger,2,862,1724
1422,26:10.3,Customer_20,North,Continental,Curry,4,326,1304
1423,43:20.2,Customer_56,South,Fast Food,Curry,2,480,960
1424,00:30.0,Customer_223,East,Asian,Steak,2,559,1118
1425,17:39.9,Customer_177,East,Healthy,Noodles,3,106,318
1426,34:49.7,Customer_161,North,Fast Food,Pasta,2,128,256
1427,51:59.6,Customer_224,East,Fast Food,Curry,1,132,132
1428,09:09.5,Customer_262,East,Asian,Pizza,5,745,3725
1429,26:19.3,Customer_60,North,Continental,Noodles,5,978,4890
1430,43:29.2,Customer_198,East,Asian,Pizza,4,178,712
1431,00:39.0,Customer_296,West,Fast Food,Noodles,2,558,1116
1432,17:48.9,Customer_98,West,Main Course,Tacos,1,669,669
1433,34:58.7,Customer_131,West,Main Course,Steak,4,637,2548
1434,52:08.6,Customer_23,West,Fast Food,Curry,3,581,1743
1435,09:18.5,Customer_224,East,Main Course,Noodles,4,529,2116
1436,26:28.3,Customer_1,South,Continental,Pasta,4,837,3348
1437,43:38.2,Customer_267,West,Asian,Steak,2,384,768
1438,00:48.0,Customer_276,West,Healthy,Pasta,3,615,1845
1439,17:57.9,Customer_101,East,Asian,Pasta,4,198,792
1440,35:07.8,Customer_187,East,Healthy,Burger,1,496,496
1441,52:17.6,Customer_221,North,Fast Food,Tacos,1,588,588
1442,09:27.5,Customer_36,West,Fast Food,Steak,5,138,690
1443,26:37.3,Customer_170,North,Healthy,Steak,3,370,1110
1444,43:47.2,Customer_161,West,Main Course,Sushi,3,986,2958
1445,00:57.0,Customer_64,South,Fast Food,Noodles,5,896,4480
1446,18:06.9,Customer_154,East,Continental,Tacos,4,256,1024
1447,35:16.8,Customer_260,East,Continental,Tacos,3,174,522
1448,52:26.6,Customer_159,North,Continental,Steak,1,983,983
1449,09:36.5,Customer_210,North,Continental,Sandwich,1,899,899
1450,26:46.3,Customer_168,East,Healthy,Salad,2,229,458
1451,43:56.2,Customer_207,East,Main Course,Tacos,3,786,2358
1452,01:06.1,Customer_152,East,Healthy,Sushi,4,183,732
1453,18:15.9,Customer_284,West,Fast Food,Salad,5,121,605
1454,35:25.8,Customer_66,West,Continental,Curry,5,558,2790
1455,52:35.6,Customer_99,South,Continental,Pasta,4,638,2552
1456,09:45.5,Customer_216,West,Continental,Pasta,2,806,1612
1457,26:55.3,Customer_195,East,Fast Food,Tacos,5,948,4740
1458,44:05.2,Customer_90,West,Asian,Steak,3,481,1443
1459,01:15.1,Customer_292,North,Healthy,Noodles,2,847,1694
1460,18:24.9,Customer_155,East,Main Course,Salad,3,539,1617
1461,35:34.8,Customer_208,West,Fast Food,Noodles,1,703,703
1462,52:44.6,Customer_281,East,Asian,Sushi,2,120,240
1463,09:54.5,Customer_1,North,Asian,Noodles,5,402,2010
1464,27:04.4,Customer_156,North,Main Course,Sandwich,2,968,1936
1465,44:14.2,Customer_147,West,Fast Food,Sandwich,2,183,366
1466,01:24.1,Customer_108,East,Asian,Sandwich,2,873,1746
1467,18:33.9,Customer_221,South,Continental,Steak,2,758,1516
1468,35:43.8,Customer_297,North,Main Course,Salad,3,552,1656
1469,52:53.6,Customer_165,South,Continental,Sushi,1,486,486
1470,10:03.5,Customer_239,West,Main Course,Pasta,4,606,2424
1471,27:13.4,Customer_227,North,Healthy,Pasta,2,356,712
1472,44:23.2,Customer_227,South,Healthy,Noodles,5,669,3345
1473,01:33.1,Customer_110,North,Fast Food,Noodles,2,991,1982
1474,18:42.9,Customer_262,South,Asian,Sushi,5,626,3130
1475,35:52.8,Customer_243,East,Continental,Burger,3,261,783
1476,53:02.7,Customer_87,East,Asian,Sushi,5,262,1310
1477,10:12.5,Customer_44,West,Healthy,Noodles,4,931,3724
1478,27:22.4,Customer_146,North,Continental,Curry,1,892,892
1479,44:32.2,Customer_264,South,Fast Food,Steak,5,891,4455
1480,01:42.1,Customer_172,West,Asian,Steak,5,623,3115
1481,18:51.9,Customer_48,East,Main Course,Tacos,1,885,885
1482,36:01.8,Customer_121,East,Main Course,Noodles,4,370,1480
1483,53:11.7,Customer_159,West,Continental,Salad,2,591,1182
1484,10:21.5,Customer_116,North,Main Course,Tacos,5,307,1535
1485,27:31.4,Customer_102,South,Main Course,Pizza,1,638,638
1486,44:41.2,Customer_76,East,Healthy,Noodles,3,683,2049
1487,01:51.1,Customer_13,West,Fast Food,Burger,1,159,159
1488,19:01.0,Customer_24,East,Main Course,Pizza,3,529,1587
1489,36:10.8,Customer_126,East,Main Course,Tacos,4,756,3024
1490,53:20.7,Customer_244,South,Asian,Pasta,2,704,1408
1491,10:30.5,Customer_38,North,Continental,Pizza,1,408,408
1492,27:40.4,Customer_234,North,Healthy,Pizza,5,619,3095
1493,44:50.2,Customer_213,South,Continental,Sandwich,4,690,2760
1494,02:00.1,Customer_295,West,Asian,Salad,1,126,126
1495,19:10.0,Customer_100,West,Asian,Pasta,5,785,3925
1496,36:19.8,Customer_197,North,Asian,Salad,1,661,661
1497,53:29.7,Customer_254,East,Main Course,Salad,3,298,894
1498,10:39.5,Customer_205,East,Continental,Pasta,1,486,486
1499,27:49.4,Customer_125,West,Continental,Pizza,1,448,448
1500,44:59.2,Customer_76,South,Continental,Salad,1,792,792
1501,02:09.1,Customer_3,East,Fast Food,Sandwich,4,635,2540
1502,19:19.0,Customer_55,West,Healthy,Noodles,1,927,927
1503,36:28.8,Customer_218,South,Main Course,Pizza,5,477,2385
1504,53:38.7,Customer_113,North,Healthy,Sushi,3,998,2994
1505,10:48.5,Customer_91,South,Main Course,Curry,3,657,1971
1506,27:58.4,Customer_266,North,Continental,Burger,1,626,626
1507,45:08.3,Customer_238,West,Fast Food,Steak,4,252,1008
1508,02:18.1,Customer_26,South,Fast Food,Noodles,4,833,3332
1509,19:28.0,Customer_286,West,Continental,Sandwich,5,305,1525
1510,36:37.8,Customer_128,North,Healthy,Noodles,1,554,554
1511,53:47.7,Customer_63,East,Asian,Tacos,3,372,1116
1512,10:57.5,Customer_234,East,Continental,Sandwich,4,993,3972
1513,28:07.4,Customer_69,North,Main Course,Noodles,1,335,335
1514,45:17.3,Customer_238,East,Healthy,Salad,4,951,3804
1515,02:27.1,Customer_272,East,Asian,Pizza,4,839,3356
1516,19:37.0,Customer_287,South,Fast Food,Tacos,3,620,1860
1517,36:46.8,Customer_163,South,Main Course,Tacos,2,777,1554
1518,53:56.7,Customer_227,East,Fast Food,Tacos,5,930,4650
1519,11:06.6,Customer_259,South,Main Course,Sushi,5,825,4125
1520,28:16.4,Customer_219,North,Asian,Noodles,3,600,1800
1521,45:26.3,Customer_281,South,Main Course,Pizza,4,216,864
1522,02:36.1,Customer_229,South,Asian,Pizza,1,485,485
1523,19:46.0,Customer_82,South,Continental,Salad,4,443,1772
1524,36:55.8,Customer_244,West,Continental,Sandwich,3,683,2049
1525,54:05.7,Customer_231,North,Main Course,Steak,5,494,2470
1526,11:15.6,Customer_133,East,Healthy,Curry,4,163,652
1527,28:25.4,Customer_127,East,Fast Food,Sandwich,5,816,4080
1528,45:35.3,Customer_142,West,Main Course,Sushi,1,820,820
1529,02:45.1,Customer_267,South,Main Course,Steak,5,171,855
1530,19:55.0,Customer_249,North,Fast Food,Noodles,5,888,4440
1531,37:04.9,Customer_123,North,Main Course,Steak,2,373,746
1532,54:14.7,Customer_141,East,Fast Food,Sandwich,2,419,838
1533,11:24.6,Customer_226,West,Asian,Sandwich,2,437,874
1534,28:34.4,Customer_40,West,Healthy,Salad,5,465,2325
1535,45:44.3,Customer_147,West,Continental,Curry,3,594,1782
1536,02:54.1,Customer_121,West,Continental,Pasta,5,706,3530
1537,20:04.0,Customer_140,North,Healthy,Burger,3,265,795
1538,37:13.9,Customer_172,South,Fast Food,Pasta,3,643,1929
1539,54:23.7,Customer_164,East,Healthy,Pasta,2,110,220
1540,11:33.6,Customer_277,North,Fast Food,Noodles,4,400,1600
1541,28:43.4,Customer_42,West,Healthy,Burger,1,828,828
1542,45:53.3,Customer_71,West,Main Course,Tacos,2,900,1800
1543,03:03.2,Customer_78,East,Main Course,Pizza,2,201,402
1544,20:13.0,Customer_119,South,Healthy,Tacos,4,524,2096
1545,37:22.9,Customer_197,South,Asian,Salad,1,491,491
1546,54:32.7,Customer_79,South,Healthy,Noodles,5,878,4390
1547,11:42.6,Customer_110,West,Continental,Salad,5,313,1565
1548,28:52.4,Customer_33,North,Main Course,Pasta,2,790,1580
1549,46:02.3,Customer_213,North,Healthy,Pasta,1,187,187
1550,03:12.2,Customer_209,South,Continental,Steak,2,652,1304
1551,20:22.0,Customer_170,East,Main Course,Salad,3,500,1500
1552,37:31.9,Customer_278,South,Asian,Pizza,2,687,1374
1553,54:41.7,Customer_239,South,Asian,Sushi,2,988,1976
1554,11:51.6,Customer_213,East,Continental,Curry,5,145,725
1555,29:01.5,Customer_32,South,Healthy,Pasta,5,771,3855
1556,46:11.3,Customer_106,East,Main Course,Pizza,5,562,2810
1557,03:21.2,Customer_216,East,Asian,Pasta,3,691,2073
1558,20:31.0,Customer_200,North,Continental,Sushi,5,409,2045
1559,37:40.9,Customer_300,East,Fast Food,Steak,1,185,185
1560,54:50.7,Customer_11,South,Healthy,Pizza,4,191,764
1561,12:00.6,Customer_295,East,Fast Food,Steak,1,759,759
1562,29:10.5,Customer_195,South,Healthy,Salad,1,772,772
1563,46:20.3,Customer_245,East,Main Course,Curry,5,813,4065
1564,03:30.2,Customer_4,North,Continental,Steak,4,341,1364
1565,20:40.0,Customer_181,South,Main Course,Noodles,4,964,3856
1566,37:49.9,Customer_153,South,Fast Food,Sushi,4,101,404
1567,54:59.7,Customer_200,South,Continental,Burger,3,324,972
1568,12:09.6,Customer_215,East,Main Course,Sushi,5,900,4500
1569,29:19.5,Customer_276,North,Main Course,Noodles,4,844,3376
1570,46:29.3,Customer_280,North,Main Course,Sandwich,3,688,2064
1571,03:39.2,Customer_113,North,Fast Food,Pasta,2,215,430
1572,20:49.0,Customer_250,North,Main Course,Noodles,2,765,1530
1573,37:58.9,Customer_113,East,Asian,Burger,3,202,606
1574,55:08.8,Customer_140,South,Healthy,Noodles,3,293,879
1575,12:18.6,Customer_224,West,Asian,Pasta,5,265,1325
1576,29:28.5,Customer_249,North,Fast Food,Tacos,5,970,4850
1577,46:38.3,Customer_15,West,Fast Food,Noodles,2,189,378
1578,03:48.2,Customer_200,East,Main Course,Noodles,4,785,3140
1579,20:58.0,Customer_173,East,Continental,Tacos,2,221,442
1580,38:07.9,Customer_208,West,Asian,Burger,4,242,968
1581,55:17.8,Customer_85,South,Fast Food,Sushi,4,205,820
1582,12:27.6,Customer_240,West,Healthy,Sandwich,5,986,4930
1583,29:37.5,Customer_66,East,Fast Food,Sandwich,1,527,527
1584,46:47.3,Customer_274,West,Asian,Sushi,1,404,404
1585,03:57.2,Customer_14,North,Healthy,Sushi,3,971,2913
1586,21:07.1,Customer_202,North,Healthy,Sushi,5,416,2080
1587,38:16.9,Customer_289,South,Main Course,Salad,4,734,2936
1588,55:26.8,Customer_14,West,Continental,Sandwich,1,108,108
1589,12:36.6,Customer_43,West,Healthy,Steak,4,873,3492
1590,29:46.5,Customer_220,West,Main Course,Noodles,1,172,172
1591,46:56.3,Customer_70,West,Continental,Curry,1,458,458
1592,04:06.2,Customer_237,South,Main Course,Noodles,1,322,322
1593,21:16.1,Customer_94,East,Fast Food,Pizza,5,515,2575
1594,38:25.9,Customer_26,South,Fast Food,Burger,2,652,1304
1595,55:35.8,Customer_134,East,Continental,Sushi,4,469,1876
1596,12:45.6,Customer_195,East,Main Course,Curry,5,815,4075
1597,29:55.5,Customer_168,East,Asian,Sandwich,5,363,1815
1598,47:05.4,Customer_109,West,Main Course,Steak,5,939,4695
1599,04:15.2,Customer_233,South,Asian,Steak,5,789,3945
1600,21:25.1,Customer_168,East,Healthy,Sandwich,5,959,4795
1601,38:34.9,Customer_173,North,Healthy,Pizza,3,417,1251
1602,55:44.8,Customer_195,East,Healthy,Sushi,4,183,732
1603,12:54.6,Customer_143,South,Main Course,Tacos,5,417,2085
1604,30:04.5,Customer_216,West,Continental,Burger,4,210,840
1605,47:14.4,Customer_130,North,Asian,Tacos,3,350,1050
1606,04:24.2,Customer_42,East,Main Course,Salad,3,482,1446
1607,21:34.1,Customer_241,West,Healthy,Noodles,4,106,424
1608,38:43.9,Customer_10,South,Fast Food,Salad,1,558,558
1609,55:53.8,Customer_277,South,Healthy,Pizza,2,183,366
1610,13:03.7,Customer_27,North,Continental,Noodles,1,307,307
1611,30:13.5,Customer_180,North,Healthy,Sushi,1,999,999
1612,47:23.4,Customer_115,East,Continental,Noodles,1,489,489
1613,04:33.2,Customer_36,West,Fast Food,Noodles,5,413,2065
1614,21:43.1,Customer_21,West,Asian,Curry,3,121,363
1615,38:52.9,Customer_16,South,Healthy,Curry,1,509,509
1616,56:02.8,Customer_127,South,Continental,Pizza,3,994,2982
1617,13:12.7,Customer_103,East,Asian,Salad,4,614,2456
1618,30:22.5,Customer_11,East,Fast Food,Sandwich,2,226,452
1619,47:32.4,Customer_79,South,Continental,Sushi,4,908,3632
1620,04:42.2,Customer_123,South,Fast Food,Noodles,4,799,3196
1621,21:52.1,Customer_65,West,Fast Food,Burger,5,973,4865
1622,39:02.0,Customer_243,West,Main Course,Burger,2,113,226
1623,56:11.8,Customer_59,West,Asian,Pasta,4,111,444
1624,13:21.7,Customer_289,East,Main Course,Noodles,4,186,744
1625,30:31.5,Customer_112,West,Fast Food,Noodles,2,623,1246
1626,47:41.4,Customer_239,North,Continental,Pizza,2,636,1272
1627,04:51.2,Customer_132,North,Healthy,Burger,4,400,1600
1628,22:01.1,Customer_189,West,Main Course,Sandwich,2,342,684
1629,39:11.0,Customer_86,West,Healthy,Sandwich,4,221,884
1630,56:20.8,Customer_59,South,Main Course,Tacos,4,246,984
1631,13:30.7,Customer_84,South,Asian,Burger,5,666,3330
1632,30:40.5,Customer_160,East,Healthy,Sandwich,1,849,849
1633,47:50.4,Customer_56,North,Main Course,Noodles,4,455,1820
1634,05:00.2,Customer_297,North,Fast Food,Tacos,3,784,2352
1635,22:10.1,Customer_14,East,Continental,Burger,1,832,832
1636,39:20.0,Customer_160,West,Fast Food,Pasta,1,730,730
1637,56:29.8,Customer_295,West,Asian,Pizza,1,408,408
1638,13:39.7,Customer_193,East,Asian,Curry,5,794,3970
1639,30:49.5,Customer_204,North,Main Course,Sushi,4,387,1548
1640,47:59.4,Customer_102,North,Fast Food,Pizza,5,406,2030
1641,05:09.3,Customer_39,West,Healthy,Burger,4,911,3644
1642,22:19.1,Customer_125,South,Main Course,Burger,5,693,3465
1643,39:29.0,Customer_53,East,Main Course,Pizza,5,822,4110
1644,56:38.8,Customer_155,East,Fast Food,Pasta,3,761,2283
1645,13:48.7,Customer_62,West,Continental,Salad,5,648,3240
1646,30:58.5,Customer_290,East,Asian,Noodles,2,451,902
1647,48:08.4,Customer_22,North,Healthy,Burger,3,411,1233
1648,05:18.3,Customer_178,West,Asian,Steak,5,972,4860
1649,22:28.1,Customer_273,North,Main Course,Sandwich,1,158,158
1650,39:38.0,Customer_220,South,Continental,Salad,2,742,1484
1651,56:47.8,Customer_190,East,Main Course,Tacos,2,813,1626
1652,13:57.7,Customer_36,East,Continental,Tacos,2,854,1708
1653,31:07.6,Customer_260,North,Fast Food,Curry,3,134,402
1654,48:17.4,Customer_175,West,Asian,Tacos,5,544,2720
1655,05:27.3,Customer_7,West,Main Course,Tacos,5,192,960
1656,22:37.1,Customer_216,East,Continental,Sushi,1,306,306
1657,39:47.0,Customer_251,North,Continental,Pizza,1,452,452
1658,56:56.8,Customer_55,South,Main Course,Tacos,2,431,862
1659,14:06.7,Customer_222,North,Asian,Burger,1,916,916
1660,31:16.6,Customer_186,West,Fast Food,Noodles,3,961,2883
1661,48:26.4,Customer_236,East,Fast Food,Pizza,5,824,4120
1662,05:36.3,Customer_79,East,Healthy,Steak,2,258,516
1663,22:46.1,Customer_223,East,Healthy,Burger,1,123,123
1664,39:56.0,Customer_91,South,Healthy,Steak,3,503,1509
1665,57:05.9,Customer_268,South,Asian,Pizza,3,904,2712
1666,14:15.7,Customer_139,West,Healthy,Burger,1,615,615
1667,31:25.6,Customer_276,North,Healthy,Sushi,5,831,4155
1668,48:35.4,Customer_248,North,Asian,Noodles,1,463,463
1669,05:45.3,Customer_239,North,Healthy,Burger,2,481,962
1670,22:55.1,Customer_224,South,Fast Food,Salad,1,631,631
1671,40:05.0,Customer_138,East,Main Course,Salad,3,251,753
1672,57:14.9,Customer_166,West,Fast Food,Steak,1,661,661
1673,14:24.7,Customer_126,West,Fast Food,Burger,5,788,3940
1674,31:34.6,Customer_45,South,Continental,Salad,4,707,2828
1675,48:44.4,Customer_143,South,Main Course,Curry,1,716,716
1676,05:54.3,Customer_231,East,Fast Food,Tacos,5,519,2595
1677,23:04.2,Customer_125,East,Main Course,Tacos,5,349,1745
1678,40:14.0,Customer_238,South,Fast Food,Pizza,3,216,648
1679,57:23.9,Customer_292,West,Asian,Curry,5,965,4825
1680,14:33.7,Customer_195,East,Asian,Pasta,5,611,3055
1681,31:43.6,Customer_173,East,Healthy,Noodles,5,839,4195
1682,48:53.4,Customer_15,West,Asian,Sandwich,5,677,3385
1683,06:03.3,Customer_254,East,Main Course,Pasta,2,434,868
1684,23:13.2,Customer_167,West,Continental,Tacos,2,517,1034
1685,40:23.0,Customer_94,North,Healthy,Noodles,3,873,2619
1686,57:32.9,Customer_250,East,Fast Food,Salad,1,394,394
1687,14:42.7,Customer_109,East,Asian,Pasta,5,854,4270
1688,31:52.6,Customer_182,North,Healthy,Salad,1,470,470
1689,49:02.5,Customer_133,West,Asian,Sushi,1,285,285
1690,06:12.3,Customer_175,East,Healthy,Pizza,3,345,1035
1691,23:22.2,Customer_144,North,Main Course,Noodles,5,736,3680
1692,40:32.0,Customer_142,West,Main Course,Noodles,5,367,1835
1693,57:41.9,Customer_285,East,Fast Food,Pasta,4,742,2968
1694,14:51.7,Customer_6,South,Healthy,Burger,1,336,336
1695,32:01.6,Customer_265,North,Continental,Pizza,1,629,629
1696,49:11.5,Customer_98,West,Main Course,Pizza,2,651,1302
1697,06:21.3,Customer_44,South,Fast Food,Steak,4,120,480
1698,23:31.2,Customer_124,West,Healthy,Steak,2,836,1672
1699,40:41.0,Customer_209,South,Fast Food,Tacos,2,966,1932
1700,57:50.9,Customer_251,South,Main Course,Noodles,2,893,1786
1701,15:00.8,Customer_285,North,Fast Food,Noodles,3,619,1857
1702,32:10.6,Customer_124,North,Healthy,Burger,3,199,597
1703,49:20.5,Customer_244,South,Asian,Salad,2,851,1702
1704,06:30.3,Customer_252,North,Continental,Sandwich,4,577,2308
1705,23:40.2,Customer_230,West,Main Course,Sushi,1,698,698
1706,40:50.0,Customer_9,East,Healthy,Sandwich,4,397,1588
1707,57:59.9,Customer_48,West,Healthy,Tacos,5,625,3125
1708,15:09.8,Customer_151,South,Fast Food,Noodles,3,433,1299
1709,32:19.6,Customer_114,West,Main Course,Pasta,1,101,101
1710,49:29.5,Customer_208,South,Asian,Pasta,1,474,474
1711,06:39.3,Customer_125,West,Asian,Pasta,5,392,1960
1712,23:49.2,Customer_157,West,Continental,Sandwich,5,936,4680
1713,40:59.0,Customer_298,North,Continental,Steak,2,652,1304
1714,58:08.9,Customer_189,South,Fast Food,Salad,3,417,1251
1715,15:18.8,Customer_243,South,Main Course,Sandwich,3,601,1803
1716,32:28.6,Customer_284,East,Asian,Burger,4,927,3708
1717,49:38.5,Customer_272,West,Main Course,Pasta,2,480,960
1718,06:48.3,Customer_177,West,Fast Food,Steak,2,722,1444
1719,23:58.2,Customer_218,East,Main Course,Pizza,2,113,226
1720,41:08.1,Customer_282,South,Main Course,Noodles,2,603,1206
1721,58:17.9,Customer_170,West,Main Course,Curry,3,330,990
1722,15:27.8,Customer_181,East,Fast Food,Noodles,3,183,549
1723,32:37.6,Customer_233,East,Fast Food,Burger,2,229,458
1724,49:47.5,Customer_139,East,Fast Food,Salad,4,842,3368
1725,06:57.3,Customer_157,West,Asian,Burger,1,937,937
1726,24:07.2,Customer_129,South,Healthy,Salad,1,244,244
1727,41:17.1,Customer_119,South,Main Course,Burger,4,990,3960
1728,58:26.9,Customer_62,East,Continental,Sandwich,2,956,1912
1729,15:36.8,Customer_99,East,Continental,Steak,3,127,381
1730,32:46.6,Customer_162,South,Healthy,Curry,1,165,165
1731,49:56.5,Customer_62,East,Main Course,Sushi,5,262,1310
1732,07:06.4,Customer_275,East,Main Course,Sushi,5,328,1640
1733,24:16.2,Customer_95,South,Main Course,Pasta,4,360,1440
1734,41:26.1,Customer_99,West,Fast Food,Sandwich,2,548,1096
1735,58:35.9,Customer_111,East,Asian,Burger,1,523,523
1736,15:45.8,Customer_248,West,Fast Food,Salad,2,559,1118
1737,32:55.6,Customer_142,East,Main Course,Steak,1,775,775
1738,50:05.5,Customer_269,East,Healthy,Burger,4,400,1600
1739,07:15.4,Customer_145,East,Main Course,Sandwich,4,402,1608
1740,24:25.2,Customer_52,North,Main Course,Sushi,5,386,1930
1741,41:35.1,Customer_100,West,Asian,Curry,2,494,988
1742,58:44.9,Customer_152,West,Main Course,Curry,5,109,545
1743,15:54.8,Customer_117,East,Fast Food,Sushi,2,806,1612
1744,33:04.7,Customer_185,South,Continental,Steak,5,729,3645
1745,50:14.5,Customer_92,East,Asian,Salad,3,369,1107
1746,07:24.4,Customer_155,North,Asian,Steak,3,691,2073
1747,24:34.2,Customer_8,East,Asian,Pasta,3,704,2112
1748,41:44.1,Customer_274,North,Main Course,Steak,3,877,2631
1749,58:53.9,Customer_65,East,Asian,Steak,1,943,943
1750,16:03.8,Customer_141,West,Asian,Sushi,3,961,2883
1751,33:13.7,Customer_24,East,Fast Food,Sushi,4,460,1840
1752,50:23.5,Customer_28,West,Healthy,Tacos,4,356,1424
1753,07:33.4,Customer_284,South,Fast Food,Pasta,1,232,232
1754,24:43.2,Customer_150,South,Fast Food,Pizza,3,375,1125
1755,41:53.1,Customer_65,East,Healthy,Sushi,3,875,2625
1756,59:03.0,Customer_252,East,Healthy,Sandwich,3,782,2346
1757,16:12.8,Customer_53,South,Asian,Sandwich,5,612,3060
1758,33:22.7,Customer_7,North,Fast Food,Tacos,2,412,824
1759,50:32.5,Customer_294,South,Main Course,Salad,5,675,3375
1760,07:42.4,Customer_146,South,Continental,Sushi,2,985,1970
1761,24:52.2,Customer_241,North,Continental,Pasta,3,383,1149
1762,42:02.1,Customer_246,South,Continental,Sushi,3,220,660
1763,59:12.0,Customer_226,South,Fast Food,Curry,5,206,1030
1764,16:21.8,Customer_175,North,Healthy,Curry,5,786,3930
1765,33:31.7,Customer_95,North,Asian,Curry,2,303,606
1766,50:41.5,Customer_27,West,Asian,Sushi,4,264,1056
1767,07:51.4,Customer_130,East,Continental,Salad,2,404,808
1768,25:01.3,Customer_245,West,Asian,Curry,5,596,2980
1769,42:11.1,Customer_59,North,Main Course,Noodles,5,731,3655
1770,59:21.0,Customer_34,South,Main Course,Burger,1,655,655
1771,16:30.8,Customer_206,North,Healthy,Pasta,5,923,4615
1772,33:40.7,Customer_252,South,Asian,Steak,1,255,255
1773,50:50.5,Customer_38,West,Fast Food,Burger,4,466,1864
1774,08:00.4,Customer_296,West,Asian,Salad,2,818,1636
1775,25:10.3,Customer_28,West,Fast Food,Pasta,2,719,1438
1776,42:20.1,Customer_78,South,Continental,Noodles,1,350,350
1777,59:30.0,Customer_77,East,Fast Food,Sandwich,2,981,1962
1778,16:39.8,Customer_289,East,Continental,Salad,5,433,2165
1779,33:49.7,Customer_156,East,Main Course,Burger,3,741,2223
1780,50:59.5,Customer_44,North,Asian,Burger,1,610,610
1781,08:09.4,Customer_128,North,Healthy,Pizza,2,392,784
1782,25:19.3,Customer_61,South,Asian,Noodles,1,119,119
1783,42:29.1,Customer_286,North,Continental,Pizza,1,381,381
1784,59:39.0,Customer_214,South,Asian,Steak,3,896,2688
1785,16:48.8,Customer_116,West,Healthy,Steak,5,100,500
1786,33:58.7,Customer_268,South,Continental,Tacos,1,218,218
1787,51:08.6,Customer_195,North,Continental,Steak,2,134,268
1788,08:18.4,Customer_231,West,Healthy,Sandwich,4,297,1188
1789,25:28.3,Customer_227,West,Asian,Pizza,1,584,584
1790,42:38.1,Customer_153,South,Healthy,Noodles,1,856,856
1791,59:48.0,Customer_220,East,Fast Food,Salad,3,158,474
1792,16:57.8,Customer_157,North,Main Course,Noodles,5,936,4680
1793,34:07.7,Customer_292,North,Healthy,Noodles,4,260,1040
1794,51:17.6,Customer_31,East,Continental,Curry,2,790,1580
1795,08:27.4,Customer_51,North,Fast Food,Pasta,4,305,1220
1796,25:37.3,Customer_107,East,Main Course,Sushi,2,111,222
1797,42:47.1,Customer_109,East,Healthy,Tacos,5,589,2945
1798,59:57.0,Customer_136,West,Main Course,Sandwich,2,375,750
1799,17:06.9,Customer_42,West,Asian,Steak,3,792,2376
1800,34:16.7,Customer_81,South,Continental,Salad,3,341,1023
1801,51:26.6,Customer_123,West,Healthy,Pasta,3,315,945
1802,08:36.4,Customer_89,East,Continental,Curry,3,350,1050
1803,25:46.3,Customer_283,South,Fast Food,Noodles,4,910,3640
1804,42:56.1,Customer_39,North,Fast Food,Noodles,5,225,1125
1805,00:06.0,Customer_81,East,Main Course,Burger,2,316,632
1806,17:15.9,Customer_2,South,Fast Food,Tacos,2,405,810
1807,34:25.7,Customer_210,West,Fast Food,Sushi,3,896,2688
1808,51:35.6,Customer_231,East,Healthy,Noodles,3,284,852
1809,08:45.4,Customer_241,South,Continental,Pizza,1,138,138
1810,25:55.3,Customer_150,North,Main Course,Sandwich,5,322,1610
1811,43:05.2,Customer_17,East,Fast Food,Steak,4,283,1132
1812,00:15.0,Customer_119,East,Continental,Pasta,2,594,1188
1813,17:24.9,Customer_148,South,Asian,Noodles,1,526,526
1814,34:34.7,Customer_145,South,Healthy,Pasta,1,277,277
1815,51:44.6,Customer_233,West,Fast Food,Curry,2,527,1054
1816,08:54.4,Customer_37,West,Fast Food,Pasta,4,393,1572
1817,26:04.3,Customer_120,East,Fast Food,Pasta,1,951,951
1818,43:14.2,Customer_136,North,Continental,Steak,1,250,250
1819,00:24.0,Customer_102,West,Healthy,Steak,5,483,2415
1820,17:33.9,Customer_218,North,Healthy,Pasta,4,737,2948
1821,34:43.7,Customer_59,South,Continental,Curry,1,912,912
1822,51:53.6,Customer_279,South,Main Course,Sushi,4,407,1628
1823,09:03.5,Customer_116,West,Healthy,Pizza,2,435,870
1824,26:13.3,Customer_77,East,Continental,Sandwich,3,845,2535
1825,43:23.2,Customer_137,South,Continental,Curry,1,991,991
1826,00:33.0,Customer_73,North,Fast Food,Sandwich,5,474,2370
1827,17:42.9,Customer_37,East,Continental,Burger,2,107,214
1828,34:52.7,Customer_31,West,Fast Food,Salad,4,440,1760
1829,52:02.6,Customer_85,South,Asian,Sushi,2,228,456
1830,09:12.5,Customer_158,West,Continental,Sandwich,1,875,875
1831,26:22.3,Customer_292,East,Healthy,Pizza,4,768,3072
1832,43:32.2,Customer_148,East,Fast Food,Sandwich,3,451,1353
1833,00:42.0,Customer_225,East,Asian,Noodles,2,457,914
1834,17:51.9,Customer_64,North,Main Course,Sushi,1,616,616
1835,35:01.8,Customer_240,East,Main Course,Tacos,5,594,2970
1836,52:11.6,Customer_156,East,Main Course,Curry,4,185,740
1837,09:21.5,Customer_207,South,Fast Food,Curry,2,274,548
1838,26:31.3,Customer_140,North,Continental,Pizza,2,901,1802
1839,43:41.2,Customer_257,North,Fast Food,Pizza,3,292,876
1840,00:51.0,Customer_277,West,Main Course,Sushi,3,410,1230
1841,18:00.9,Customer_253,East,Continental,Burger,5,218,1090
1842,35:10.8,Customer_225,South,Asian,Noodles,5,317,1585
1843,52:20.6,Customer_42,West,Main Course,Salad,1,526,526
1844,09:30.5,Customer_21,East,Healthy,Salad,1,513,513
1845,26:40.3,Customer_222,North,Continental,Steak,5,213,1065
1846,43:50.2,Customer_166,East,Fast Food,Noodles,5,244,1220
1847,01:00.0,Customer_129,East,Fast Food,Steak,4,637,2548
1848,18:09.9,Customer_14,South,Healthy,Pasta,3,747,2241
1849,35:19.8,Customer_47,South,Fast Food,Tacos,1,402,402
1850,52:29.6,Customer_118,South,Healthy,Tacos,3,843,2529
1851,09:39.5,Customer_295,West,Main Course,Sushi,3,980,2940
1852,26:49.3,Customer_11,South,Main Course,Steak,5,687,3435
1853,43:59.2,Customer_138,West,Fast Food,Burger,4,939,3756
1854,01:09.1,Customer_296,East,Continental,Noodles,2,444,888
1855,18:18.9,Customer_21,West,Fast Food,Salad,4,913,3652
1856,35:28.8,Customer_90,West,Main Course,Tacos,4,900,3600
1857,52:38.6,Customer_241,South,Continental,Sandwich,3,100,300
1858,09:48.5,Customer_266,South,Healthy,Noodles,4,246,984
1859,26:58.3,Customer_227,North,Main Course,Tacos,1,386,386
1860,44:08.2,Customer_143,West,Healthy,Sushi,3,753,2259
1861,01:18.1,Customer_93,East,Asian,Sushi,1,152,152
1862,18:27.9,Customer_300,North,Continental,Curry,2,403,806
1863,35:37.8,Customer_224,North,Main Course,Curry,3,168,504
1864,52:47.6,Customer_252,North,Healthy,Steak,2,460,920
1865,09:57.5,Customer_47,South,Healthy,Pizza,3,701,2103
1866,27:07.4,Customer_241,South,Healthy,Noodles,5,319,1595
1867,44:17.2,Customer_179,South,Fast Food,Pasta,4,803,3212
1868,01:27.1,Customer_210,East,Fast Food,Curry,5,674,3370
1869,18:36.9,Customer_171,West,Asian,Pasta,2,684,1368
1870,35:46.8,Customer_165,North,Asian,Sandwich,4,260,1040
1871,52:56.6,Customer_54,South,Healthy,Burger,3,780,2340
1872,10:06.5,Customer_83,West,Fast Food,Noodles,4,188,752
1873,27:16.4,Customer_169,North,Continental,Salad,1,787,787
1874,44:26.2,Customer_211,West,Continental,Sandwich,4,880,3520
1875,01:36.1,Customer_254,North,Healthy,Pasta,1,684,684
1876,18:45.9,Customer_148,West,Fast Food,Pasta,4,856,3424
1877,35:55.8,Customer_206,South,Continental,Pasta,1,688,688
1878,53:05.7,Customer_282,West,Fast Food,Sushi,2,258,516
1879,10:15.5,Customer_19,West,Asian,Steak,5,588,2940
1880,27:25.4,Customer_233,North,Healthy,Burger,3,423,1269
1881,44:35.2,Customer_46,West,Healthy,Sandwich,4,709,2836
1882,01:45.1,Customer_162,East,Fast Food,Tacos,5,480,2400
1883,18:54.9,Customer_130,North,Fast Food,Sushi,3,201,603
1884,36:04.8,Customer_166,West,Main Course,Burger,3,593,1779
1885,53:14.7,Customer_60,East,Continental,Curry,1,743,743
1886,10:24.5,Customer_207,North,Asian,Curry,2,713,1426
1887,27:34.4,Customer_264,South,Continental,Curry,2,118,236
1888,44:44.2,Customer_1,North,Main Course,Sandwich,5,553,2765
1889,01:54.1,Customer_278,North,Fast Food,Steak,2,581,1162
1890,19:04.0,Customer_237,West,Continental,Pasta,4,693,2772
1891,36:13.8,Customer_212,East,Healthy,Tacos,2,496,992
1892,53:23.7,Customer_28,North,Continental,Pizza,5,378,1890
1893,10:33.5,Customer_97,North,Fast Food,Sandwich,2,950,1900
1894,27:43.4,Customer_266,North,Continental,Pizza,4,464,1856
1895,44:53.2,Customer_186,West,Main Course,Pasta,1,430,430
1896,02:03.1,Customer_256,North,Asian,Steak,5,740,3700
1897,19:13.0,Customer_227,East,Fast Food,Steak,1,443,443
1898,36:22.8,Customer_27,West,Healthy,Pasta,1,921,921
1899,53:32.7,Customer_105,South,Main Course,Pasta,1,554,554
1900,10:42.5,Customer_137,South,Fast Food,Noodles,3,700,2100
1901,27:52.4,Customer_282,West,Healthy,Pizza,3,824,2472
1902,45:02.3,Customer_68,East,Healthy,Steak,1,754,754
1903,02:12.1,Customer_148,West,Fast Food,Pasta,5,164,820
1904,19:22.0,Customer_225,West,Main Course,Pizza,4,175,700
1905,36:31.8,Customer_249,West,Healthy,Pasta,4,810,3240
1906,53:41.7,Customer_63,West,Asian,Salad,2,242,484
1907,10:51.5,Customer_15,North,Main Course,Pasta,5,927,4635
1908,28:01.4,Customer_123,South,Healthy,Noodles,3,704,2112
1909,45:11.3,Customer_82,East,Fast Food,Tacos,1,572,572
1910,02:21.1,Customer_160,North,Fast Food,Steak,2,516,1032
1911,19:31.0,Customer_283,South,Main Course,Steak,4,404,1616
1912,36:40.8,Customer_8,West,Healthy,Pizza,3,835,2505
1913,53:50.7,Customer_283,South,Healthy,Salad,3,596,1788
1914,11:00.5,Customer_209,South,Main Course,Burger,1,390,390
1915,28:10.4,Customer_48,North,Main Course,Sandwich,4,201,804
1916,45:20.3,Customer_116,North,Main Course,Curry,5,366,1830
1917,02:30.1,Customer_59,East,Asian,Steak,3,966,2898
1918,19:40.0,Customer_237,West,Asian,Curry,1,721,721
1919,36:49.8,Customer_61,West,Asian,Curry,5,941,4705
1920,53:59.7,Customer_79,West,Fast Food,Pasta,4,876,3504
1921,11:09.6,Customer_256,South,Asian,Sandwich,3,102,306
1922,28:19.4,Customer_150,South,Asian,Tacos,5,184,920
1923,45:29.3,Customer_261,West,Asian,Steak,5,893,4465
1924,02:39.1,Customer_140,East,Healthy,Pasta,5,427,2135
1925,19:49.0,Customer_213,South,Continental,Steak,3,915,2745
1926,36:58.8,Customer_248,East,Asian,Pasta,3,549,1647
1927,54:08.7,Customer_242,South,Main Course,Steak,2,553,1106
1928,11:18.6,Customer_125,North,Asian,Noodles,4,728,2912
1929,28:28.4,Customer_234,North,Continental,Salad,1,320,320
1930,45:38.3,Customer_283,West,Fast Food,Pasta,5,253,1265
1931,02:48.1,Customer_75,North,Fast Food,Sushi,2,764,1528
1932,19:58.0,Customer_197,South,Asian,Curry,1,111,111
1933,37:07.9,Customer_98,South,Main Course,Steak,2,232,464
1934,54:17.7,Customer_261,North,Main Course,Steak,3,403,1209
1935,11:27.6,Customer_70,North,Healthy,Burger,5,392,1960
1936,28:37.4,Customer_36,North,Main Course,Sandwich,1,399,399
1937,45:47.3,Customer_142,West,Healthy,Tacos,1,839,839
1938,02:57.1,Customer_213,North,Healthy,Tacos,1,882,882
1939,20:07.0,Customer_175,South,Main Course,Pasta,1,142,142
1940,37:16.9,Customer_260,North,Main Course,Burger,1,442,442
1941,54:26.7,Customer_137,West,Healthy,Pizza,2,425,850
1942,11:36.6,Customer_2,West,Fast Food,Sandwich,5,913,4565
1943,28:46.4,Customer_145,South,Asian,Noodles,3,597,1791
1944,45:56.3,Customer_153,South,Fast Food,Noodles,3,463,1389
1945,03:06.2,Customer_297,North,Main Course,Tacos,3,990,2970
1946,20:16.0,Customer_251,South,Continental,Pasta,3,526,1578
1947,37:25.9,Customer_77,East,Main Course,Steak,2,120,240
1948,54:35.7,Customer_229,South,Healthy,Burger,4,506,2024
1949,11:45.6,Customer_276,East,Continental,Pasta,5,718,3590
1950,28:55.4,Customer_248,East,Continental,Curry,1,435,435
1951,46:05.3,Customer_177,South,Asian,Steak,4,914,3656
1952,03:15.2,Customer_171,East,Main Course,Steak,3,216,648
1953,20:25.0,Customer_283,South,Asian,Pizza,4,223,892
1954,37:34.9,Customer_279,South,Fast Food,Noodles,5,498,2490
1955,54:44.7,Customer_194,West,Continental,Noodles,1,892,892
1956,11:54.6,Customer_234,East,Asian,Burger,1,903,903
1957,29:04.5,Customer_165,East,Fast Food,Burger,5,814,4070
1958,46:14.3,Customer_97,North,Main Course,Curry,5,150,750
1959,03:24.2,Customer_123,South,Main Course,Pasta,3,882,2646
1960,20:34.0,Customer_293,West,Healthy,Steak,1,423,423
1961,37:43.9,Customer_197,West,Fast Food,Noodles,4,888,3552
1962,54:53.7,Customer_120,North,Fast Food,Pizza,2,240,480
1963,12:03.6,Customer_211,East,Asian,Tacos,2,569,1138
1964,29:13.5,Customer_23,West,Continental,Noodles,5,886,4430
1965,46:23.3,Customer_163,East,Continental,Tacos,3,901,2703
1966,03:33.2,Customer_243,West,Healthy,Sushi,2,433,866
1967,20:43.0,Customer_196,West,Healthy,Pizza,1,992,992
1968,37:52.9,Customer_198,South,Healthy,Noodles,5,472,2360
1969,55:02.8,Customer_78,East,Fast Food,Tacos,4,663,2652
1970,12:12.6,Customer_254,West,Main Course,Sandwich,5,593,2965
1971,29:22.5,Customer_19,South,Main Course,Curry,4,638,2552
1972,46:32.3,Customer_65,West,Asian,Tacos,5,768,3840
1973,03:42.2,Customer_258,South,Continental,Sushi,5,850,4250
1974,20:52.0,Customer_170,South,Continental,Steak,5,255,1275
1975,38:01.9,Customer_52,East,Asian,Steak,4,390,1560
1976,55:11.8,Customer_226,South,Fast Food,Burger,4,747,2988
1977,12:21.6,Customer_52,West,Main Course,Tacos,5,243,1215
1978,29:31.5,Customer_270,North,Healthy,Pasta,2,205,410
1979,46:41.3,Customer_234,West,Main Course,Salad,3,519,1557
1980,03:51.2,Customer_8,West,Asian,Curry,3,769,2307
1981,21:01.1,Customer_74,South,Main Course,Sandwich,3,757,2271
1982,38:10.9,Customer_210,West,Healthy,Burger,4,101,404
1983,55:20.8,Customer_80,South,Continental,Salad,4,688,2752
1984,12:30.6,Customer_39,East,Asian,Steak,2,743,1486
1985,29:40.5,Customer_241,South,Fast Food,Noodles,3,189,567
1986,46:50.3,Customer_136,East,Main Course,Tacos,3,444,1332
1987,04:00.2,Customer_174,North,Main Course,Salad,5,449,2245
1988,21:10.1,Customer_204,West,Fast Food,Sandwich,4,558,2232
1989,38:19.9,Customer_42,East,Fast Food,Pizza,3,362,1086
1990,55:29.8,Customer_169,North,Healthy,Pizza,2,450,900
1991,12:39.6,Customer_274,South,Main Course,Steak,2,207,414
1992,29:49.5,Customer_195,North,Asian,Noodles,3,685,2055
1993,46:59.3,Customer_163,East,Main Course,Burger,4,138,552
1994,04:09.2,Customer_250,West,Healthy,Noodles,2,258,516
1995,21:19.1,Customer_278,North,Asian,Pizza,5,682,3410
1996,38:28.9,Customer_19,North,Asian,Tacos,2,411,822
1997,55:38.8,Customer_36,South,Asian,Sandwich,1,340,340
1998,12:48.6,Customer_121,South,Healthy,Sushi,1,544,544
1999,29:58.5,Customer_148,West,Main Course,Tacos,4,397,1588
2000,47:08.4,Customer_117,South,Continental,Sushi,3,135,405
2001,04:18.2,Customer_47,East,Asian,Burger,4,183,732
2002,21:28.1,Customer_223,East,Fast Food,Pasta,4,551,2204
2003,38:37.9,Customer_51,North,Healthy,Tacos,4,985,3940
2004,55:47.8,Customer_52,South,Asian,Steak,4,874,3496
2005,12:57.6,Customer_228,South,Healthy,Salad,5,921,4605
2006,30:07.5,Customer_86,North,Fast Food,Salad,5,484,2420
2007,47:17.4,Customer_154,West,Asian,Noodles,2,271,542
2008,04:27.2,Customer_15,South,Main Course,Tacos,1,475,475
2009,21:37.1,Customer_24,South,Healthy,Steak,4,784,3136
2010,38:46.9,Customer_167,West,Asian,Sushi,2,461,922
2011,55:56.8,Customer_29,South,Asian,Steak,1,658,658
2012,13:06.7,Customer_151,East,Healthy,Salad,3,990,2970
2013,30:16.5,Customer_184,East,Fast Food,Tacos,5,240,1200
2014,47:26.4,Customer_192,West,Healthy,Sandwich,1,986,986
2015,04:36.2,Customer_221,West,Continental,Tacos,3,217,651
2016,21:46.1,Customer_75,East,Main Course,Noodles,1,376,376
2017,38:55.9,Customer_126,East,Fast Food,Noodles,5,825,4125
2018,56:05.8,Customer_272,East,Main Course,Curry,5,319,1595
2019,13:15.7,Customer_211,East,Main Course,Pasta,2,125,250
2020,30:25.5,Customer_290,West,Healthy,Sushi,4,620,2480
2021,47:35.4,Customer_93,West,Continental,Noodles,1,882,882
2022,04:45.2,Customer_88,North,Asian,Noodles,1,109,109
2023,21:55.1,Customer_90,West,Continental,Curry,3,477,1431
2024,39:05.0,Customer_41,East,Fast Food,Salad,5,732,3660
2025,56:14.8,Customer_196,South,Continental,Salad,1,736,736
2026,13:24.7,Customer_124,East,Main Course,Steak,5,781,3905
2027,30:34.5,Customer_255,East,Asian,Sushi,1,683,683
2028,47:44.4,Customer_299,West,Continental,Tacos,2,251,502
2029,04:54.2,Customer_74,North,Asian,Pasta,4,819,3276
2030,22:04.1,Customer_119,South,Continental,Burger,1,148,148
2031,39:14.0,Customer_237,South,Asian,Sandwich,5,253,1265
2032,56:23.8,Customer_131,North,Continental,Curry,2,958,1916
2033,13:33.7,Customer_236,East,Fast Food,Pasta,1,392,392
2034,30:43.5,Customer_131,West,Asian,Burger,3,679,2037
2035,47:53.4,Customer_5,East,Healthy,Sandwich,4,149,596
2036,05:03.3,Customer_239,South,Main Course,Noodles,1,763,763
2037,22:13.1,Customer_148,South,Asian,Tacos,2,630,1260
2038,39:23.0,Customer_280,East,Main Course,Sushi,3,711,2133
2039,56:32.8,Customer_81,South,Continental,Noodles,2,159,318
2040,13:42.7,Customer_38,West,Continental,Steak,2,266,532
2041,30:52.5,Customer_227,South,Continental,Pizza,3,301,903
2042,48:02.4,Customer_177,West,Continental,Pasta,2,956,1912
2043,05:12.3,Customer_154,East,Continental,Tacos,3,245,735
2044,22:22.1,Customer_218,East,Fast Food,Pizza,1,775,775
2045,39:32.0,Customer_129,West,Main Course,Burger,3,538,1614
2046,56:41.8,Customer_234,West,Asian,Pasta,3,341,1023
2047,13:51.7,Customer_155,West,Fast Food,Curry,4,680,2720
2048,31:01.6,Customer_102,South,Fast Food,Steak,3,786,2358
2049,48:11.4,Customer_197,East,Fast Food,Tacos,3,660,1980
2050,05:21.3,Customer_248,South,Fast Food,Burger,1,582,582
2051,22:31.1,Customer_55,South,Fast Food,Burger,4,207,828
2052,39:41.0,Customer_122,West,Main Course,Salad,5,325,1625
2053,56:50.8,Customer_196,South,Asian,Sandwich,1,772,772
2054,14:00.7,Customer_293,North,Main Course,Sushi,1,730,730
2055,31:10.6,Customer_184,North,Asian,Burger,5,760,3800
2056,48:20.4,Customer_295,North,Fast Food,Steak,3,761,2283
2057,05:30.3,Customer_152,North,Fast Food,Pizza,2,531,1062
2058,22:40.1,Customer_152,North,Continental,Tacos,4,904,3616
2059,39:50.0,Customer_12,West,Healthy,Tacos,2,754,1508
2060,56:59.8,Customer_203,South,Healthy,Steak,5,518,2590
2061,14:09.7,Customer_141,South,Main Course,Noodles,1,554,554
2062,31:19.6,Customer_5,North,Main Course,Salad,1,259,259
2063,48:29.4,Customer_290,South,Asian,Steak,4,622,2488
2064,05:39.3,Customer_26,North,Continental,Pizza,1,749,749
2065,22:49.1,Customer_255,South,Asian,Pasta,1,689,689
2066,39:59.0,Customer_147,West,Continental,Curry,4,176,704
2067,57:08.9,Customer_118,East,Healthy,Curry,4,608,2432
2068,14:18.7,Customer_181,North,Healthy,Pizza,5,540,2700
2069,31:28.6,Customer_113,West,Continental,Sandwich,1,353,353
2070,48:38.4,Customer_98,West,Asian,Noodles,1,869,869
2071,05:48.3,Customer_129,North,Main Course,Salad,5,419,2095
2072,22:58.1,Customer_71,North,Continental,Sandwich,3,902,2706
2073,40:08.0,Customer_50,West,Continental,Pizza,3,362,1086
2074,57:17.9,Customer_21,North,Continental,Steak,3,696,2088
2075,14:27.7,Customer_159,North,Asian,Noodles,5,757,3785
2076,31:37.6,Customer_226,East,Main Course,Noodles,1,934,934
2077,48:47.4,Customer_18,East,Asian,Sandwich,5,653,3265
2078,05:57.3,Customer_297,North,Fast Food,Steak,5,473,2365
2079,23:07.2,Customer_187,West,Fast Food,Pasta,3,736,2208
2080,40:17.0,Customer_68,South,Continental,Pizza,2,266,532
2081,57:26.9,Customer_47,North,Continental,Sushi,1,852,852
2082,14:36.7,Customer_152,North,Continental,Sandwich,3,558,1674
2083,31:46.6,Customer_168,South,Main Course,Pizza,2,379,758
2084,48:56.4,Customer_213,South,Main Course,Pasta,2,799,1598
2085,06:06.3,Customer_90,South,Continental,Burger,4,401,1604
2086,23:16.2,Customer_103,East,Main Course,Salad,1,630,630
2087,40:26.0,Customer_68,East,Healthy,Tacos,2,679,1358
2088,57:35.9,Customer_277,East,Continental,Sushi,3,317,951
2089,14:45.7,Customer_188,West,Healthy,Tacos,4,201,804
2090,31:55.6,Customer_272,North,Asian,Tacos,1,653,653
2091,49:05.5,Customer_257,East,Healthy,Steak,5,387,1935
2092,06:15.3,Customer_140,West,Asian,Sandwich,3,266,798
2093,23:25.2,Customer_85,West,Asian,Noodles,2,720,1440
2094,40:35.0,Customer_132,South,Continental,Pizza,2,135,270
2095,57:44.9,Customer_247,South,Continental,Burger,3,843,2529
2096,14:54.7,Customer_152,East,Asian,Burger,2,840,1680
2097,32:04.6,Customer_174,North,Main Course,Noodles,4,452,1808
2098,49:14.5,Customer_59,North,Fast Food,Salad,1,775,775
2099,06:24.3,Customer_240,North,Healthy,Noodles,4,998,3992
2100,23:34.2,Customer_39,West,Asian,Steak,2,172,344
2101,40:44.0,Customer_73,West,Fast Food,Sushi,5,747,3735
2102,57:53.9,Customer_116,West,Continental,Sushi,1,452,452
2103,15:03.8,Customer_204,West,Continental,Salad,1,990,990
2104,32:13.6,Customer_286,North,Asian,Sandwich,3,169,507
2105,49:23.5,Customer_188,North,Main Course,Steak,3,524,1572
2106,06:33.3,Customer_47,South,Asian,Sandwich,5,807,4035
2107,23:43.2,Customer_203,North,Healthy,Curry,1,880,880
2108,40:53.0,Customer_8,West,Fast Food,Tacos,5,660,3300
2109,58:02.9,Customer_136,West,Main Course,Steak,3,927,2781
2110,15:12.8,Customer_275,East,Asian,Pizza,3,741,2223
2111,32:22.6,Customer_64,North,Healthy,Salad,1,616,616
2112,49:32.5,Customer_233,North,Healthy,Pasta,4,527,2108
2113,06:42.3,Customer_189,South,Main Course,Tacos,2,638,1276
2114,23:52.2,Customer_135,South,Healthy,Noodles,3,259,777
2115,41:02.1,Customer_300,West,Healthy,Burger,3,248,744
2116,58:11.9,Customer_196,East,Healthy,Noodles,4,875,3500
2117,15:21.8,Customer_191,North,Healthy,Burger,4,329,1316
2118,32:31.6,Customer_56,North,Asian,Noodles,5,811,4055
2119,49:41.5,Customer_120,East,Main Course,Salad,5,661,3305
2120,06:51.3,Customer_242,North,Fast Food,Sushi,2,166,332
2121,24:01.2,Customer_13,South,Fast Food,Burger,2,911,1822
2122,41:11.1,Customer_288,East,Healthy,Noodles,1,480,480
2123,58:20.9,Customer_168,North,Asian,Salad,5,157,785
2124,15:30.8,Customer_114,South,Healthy,Noodles,3,358,1074
2125,32:40.6,Customer_33,South,Healthy,Steak,5,441,2205
2126,49:50.5,Customer_238,West,Asian,Salad,3,937,2811
2127,07:00.4,Customer_155,North,Continental,Curry,4,229,916
2128,24:10.2,Customer_210,East,Main Course,Tacos,5,826,4130
2129,41:20.1,Customer_60,South,Fast Food,Steak,4,271,1084
2130,58:29.9,Customer_72,South,Asian,Curry,2,869,1738
2131,15:39.8,Customer_24,West,Fast Food,Sandwich,2,713,1426
2132,32:49.6,Customer_20,East,Asian,Sushi,1,308,308
2133,49:59.5,Customer_156,West,Asian,Curry,5,902,4510
2134,07:09.4,Customer_253,South,Continental,Curry,4,453,1812
2135,24:19.2,Customer_60,North,Healthy,Steak,3,570,1710
2136,41:29.1,Customer_50,East,Main Course,Pizza,2,897,1794
2137,58:38.9,Customer_121,North,Continental,Curry,2,215,430
2138,15:48.8,Customer_276,North,Fast Food,Burger,3,363,1089
2139,32:58.6,Customer_70,West,Main Course,Salad,4,761,3044
2140,50:08.5,Customer_199,South,Healthy,Burger,4,911,3644
2141,07:18.4,Customer_233,North,Continental,Tacos,5,541,2705
2142,24:28.2,Customer_190,East,Asian,Sandwich,5,647,3235
2143,41:38.1,Customer_277,West,Fast Food,Sandwich,1,552,552
2144,58:47.9,Customer_215,East,Continental,Sushi,2,944,1888
2145,15:57.8,Customer_80,North,Continental,Tacos,5,576,2880
2146,33:07.7,Customer_213,East,Main Course,Sushi,4,386,1544
2147,50:17.5,Customer_51,West,Fast Food,Noodles,3,402,1206
2148,07:27.4,Customer_251,West,Fast Food,Noodles,4,410,1640
2149,24:37.2,Customer_209,South,Fast Food,Pizza,2,307,614
2150,41:47.1,Customer_144,East,Main Course,Salad,4,717,2868
2151,58:56.9,Customer_17,West,Fast Food,Sandwich,1,545,545
2152,16:06.8,Customer_190,West,Main Course,Salad,2,769,1538
2153,33:16.7,Customer_112,South,Asian,Burger,3,732,2196
2154,50:26.5,Customer_228,West,Main Course,Tacos,1,154,154
2155,07:36.4,Customer_228,North,Healthy,Sushi,2,111,222
2156,24:46.2,Customer_121,East,Fast Food,Burger,3,756,2268
2157,41:56.1,Customer_186,South,Healthy,Noodles,1,499,499
2158,59:06.0,Customer_51,North,Healthy,Pasta,1,747,747
2159,16:15.8,Customer_189,North,Asian,Curry,2,614,1228
2160,33:25.7,Customer_279,East,Continental,Sushi,5,755,3775
2161,50:35.5,Customer_184,South,Asian,Sushi,1,641,641
2162,07:45.4,Customer_32,West,Main Course,Sandwich,1,336,336
2163,24:55.2,Customer_204,South,Main Course,Steak,3,378,1134
2164,42:05.1,Customer_142,West,Fast Food,Salad,4,447,1788
2165,59:15.0,Customer_98,East,Healthy,Pasta,2,726,1452
2166,16:24.8,Customer_63,East,Asian,Sandwich,2,203,406
2167,33:34.7,Customer_233,North,Continental,Curry,5,729,3645
2168,50:44.5,Customer_47,North,Asian,Sandwich,5,616,3080
2169,07:54.4,Customer_109,North,Fast Food,Sandwich,2,971,1942
2170,25:04.3,Customer_11,East,Asian,Sandwich,5,347,1735
2171,42:14.1,Customer_26,West,Continental,Salad,3,463,1389
2172,59:24.0,Customer_171,East,Continental,Sandwich,2,420,840
2173,16:33.8,Customer_125,East,Healthy,Sandwich,5,732,3660
2174,33:43.7,Customer_65,North,Healthy,Sandwich,2,385,770
2175,50:53.5,Customer_290,South,Fast Food,Sandwich,4,248,992
2176,08:03.4,Customer_106,North,Healthy,Steak,1,183,183
2177,25:13.3,Customer_36,South,Main Course,Sushi,2,505,1010
2178,42:23.1,Customer_284,West,Healthy,Pasta,1,555,555
2179,59:33.0,Customer_107,West,Main Course,Burger,5,842,4210
2180,16:42.8,Customer_111,West,Asian,Burger,1,899,899
2181,33:52.7,Customer_120,North,Main Course,Burger,2,260,520
2182,51:02.6,Customer_169,North,Fast Food,Curry,4,883,3532
2183,08:12.4,Customer_76,North,Continental,Steak,5,559,2795
2184,25:22.3,Customer_2,East,Fast Food,Pizza,2,649,1298
2185,42:32.1,Customer_142,North,Fast Food,Noodles,5,599,2995
2186,59:42.0,Customer_75,East,Fast Food,Pizza,3,837,2511
2187,16:51.8,Customer_67,West,Fast Food,Curry,1,608,608
2188,34:01.7,Customer_277,North,Healthy,Sushi,3,753,2259
2189,51:11.6,Customer_129,East,Asian,Steak,2,903,1806
2190,08:21.4,Customer_90,West,Continental,Sushi,4,580,2320
2191,25:31.3,Customer_57,West,Main Course,Curry,5,762,3810
2192,42:41.1,Customer_14,North,Main Course,Steak,1,213,213
2193,59:51.0,Customer_68,South,Asian,Salad,5,848,4240
2194,17:00.9,Customer_8,South,Fast Food,Curry,2,677,1354
2195,34:10.7,Customer_184,West,Fast Food,Pasta,5,460,2300
2196,51:20.6,Customer_122,South,Continental,Noodles,1,440,440
2197,08:30.4,Customer_166,South,Main Course,Salad,2,869,1738
2198,25:40.3,Customer_9,East,Fast Food,Tacos,5,860,4300
2199,42:50.1,Customer_90,East,Healthy,Sandwich,4,548,2192
2200,00:00.0,Customer_136,East,Continental,Steak,2,942,1884
